team_id,team,basic_5yr,three_yr,one_yr,f_1b,f_2b,f_3b,f_hr,f_so,f_bb,f_gb,f_fb,f_ld,f_iffb,f_fip
108,Angels,99,98,92,100,97,101,105,102,100,100,100,102,92,99
110,Orioles,98,98,95,103,96,101,99,99,97,100,100,103,98,100
111,Red Sox,103,101,102,104,109,115,98,98,101,103,98,99,101,100
145,White Sox,100,98,97,100,96,87,105,99,101,99,105,98,104,102
114,Guardians,100,102,102,100,100,87,98,101,101,100,96,98,96,98
116,Tigers,101,100,96,100,100,118,96,98,102,99,102,101,108,101
118,Royals,103,103,108,103,108,123,95,97,101,103,101,105,96,101
142,Twins,100,102,97,101,105,93,99,100,103,99,101,97,103,99
147,Yankees,100,100,106,97,95,85,104,100,101,98,105,97,102,102
133,Athletics,108,112,119,102,107,96,103,101,103,100,100,105,112,106
136,Mariners,94,92,94,95,93,79,96,104,97,97,99,96,105,96
139,Rays,101,101,100,103,96,88,104,100,100,102,97,102,89,101
140,Rangers,98,93,95,98,100,93,102,101,100,99,102,100,97,100
141,Blue Jays,100,101,100,98,102,90,103,100,99,100,100,101,100,101
109,Diamondbacks,100,101,99,103,105,120,91,99,99,103,98,105,97,98
144,Braves,100,99,103,101,99,100,99,102,99,101,98,101,94,99
112,Cubs,98,96,101,100,94,109,98,101,99,100,97,100,100,98
113,Reds,102,101,96,101,101,84,114,101,102,99,101,101,109,104
115,Rockies,112,111,107,108,111,135,107,96,102,107,97,109,92,104
146,Marlins,101,100,96,102,101,109,97,100,102,102,99,101,97,100
117,Astros,99,99,96,99,100,110,102,102,100,99,97,101,99,99
119,Dodgers,99,101,99,96,98,84,110,100,97,98,101,96,98,102
158,Brewers,99,98,100,96,97,105,104,104,101,96,103,97,103,99
120,Nationals,101,102,107,100,99,96,100,98,98,100,102,99,101,102
121,Mets,98,99,98,97,94,87,99,101,102,97,101,96,110,99
143,Phillies,103,105,107,99,97,102,105,101,100,99,100,100,104,103
134,Pirates,103,104,107,103,105,98,93,97,101,101,102,103,97,100
138,Cardinals,98,96,94,101,99,89,94,97,97,101,101,99,103,98
135,Padres,96,97,94,97,95,86,101,102,100,98,102,98,104,100
137,Giants,97,97,96,102,102,110,91,98,97,104,97,98,94,96
